Codigo SIC;Nombre Recurso;Capacidad Efectiva Neta [MW];Factor de Conversi�n;Es Menor;Tipo Despacho;Combustible por Defecto;Fecha Operaci�n;Municipio;Departamento;Agente Representante;Estado Recurso;Tipo Generaci�n;Clasificaci�n
3KL4;POWER PLANT DRUMMOND 1;19.9;10;SI;ND;GAS;22/04/2024;EL PASO;CESAR;DRUMMOND POWER S.A.S. E.S.P.;OPERACI�N;TERMICA;AUTOGENERADOR
3KLQ;AUTOG TERMOMACAGUA 1;4.9;0;NO;ND;GAS;29/06/2024;TAME;ARAUCA;GENERSA S.A.S. E.S.P.;OPERACI�N;TERMICA;AUTOGENERADOR
3JNR;AUTOG UNIBOL 1;4.9;7.5;SI;ND;GAS;11/02/2024;BARRANQUILLA;ATL�NTICO;ENERCO S.A. E.S.P.;OPERACI�N;TERMICA;AUTOGENERADOR
TCBE;TERMOCARIBE III 1;52;9;NO;DC;GAS;21/03/2024;SANTA ROSADE LIMA;BOL�VAR;TERMO CARIBE S.A.S. E.S.P.;OPERACI�N;TERMICA;NORMAL
3C3X;AUTOG INGENIO MARIA LUISA 1;1.8;0;SI;ND;BAGAZO;14/08/2021;FLORIDA;VALLE DEL CAUCA;DEPI ENERGY S.A.S. E.S.P.;OPERACI�N;TERMICA;AUTOGENERADOR
3AXV;AGPE INGENIO DE OCCIDENTE;1;0;NO;ND;BAGAZO;4/03/2021;VILLA RICA;CAUCA;EMPRESA MUNICIPAL DE ENERGIA ELECTRICA S.A. E.S.P.;OPERACI�N;TERMICA;AUTOG PEQ. ESCALA
3AL6;AGPE ENTREPALMAS;0.5;0;NO;ND;BIOGAS;31/12/2020;SAN MARTIN;META;CELSIA COLOMBIA S.A. E.S.P.;OPERACI�N;TERMICA;AUTOG PEQ. ESCALA
2YQO;AUTOG FERTICOL;17;1;NO;ND;GAS;28/02/2020;BARRANCABERMEJA;SANTANDER;CEMEX ENERGY S.A.S E.S.P.;INACTIVO;TERMICA;AUTOGENERADOR
2YWY;AUTOG TURGAS;3.5;1;NO;ND;GAS;8/02/2020;MARIQUITA;TOLIMA;TERMOPIEDRAS S.A. E.S.P.;OPERACI�N;TERMICA;AUTOGENERADOR
2YB9;AUTOG ECOPETROL ORITO;4;0;NO;ND;GAS;7/11/2019;ORITO;PUTUMAYO;GENERADORA Y COMERCIALIZADORA DE ENERGIA DEL CARIBE S.A. E.S.P.;PRUEBAS;TERMICA;AUTOGENERADOR
2XXR;AGPE - ECOPETROL LA HORMIGA;1;1;NO;ND;GAS;16/09/2019;VALLE DEL GUAMUEZ;PUTUMAYO;GENERADORA Y COMERCIALIZADORA DE ENERGIA DEL CARIBE S.A. E.S.P.;OPERACI�N;TERMICA;AUTOG PEQ. ESCALA
2Y2T;AUTOG CDS TM2500;19.9;0;NO;ND;GAS;31/10/2019;VILLAVICENCIO;META;ELECTRIFICADORA DEL META S.A. E.S.P.;INACTIVO;TERMICA;AUTOGENERADOR
2XXX;AUTOG TERMOSURIA;19.9;0;NO;ND;GAS;31/10/2019;VILLAVICENCIO;META;ELECTRIFICADORA DEL META S.A. E.S.P.;INACTIVO;TERMICA;AUTOGENERADOR
TYP5;TERMOYOPAL G5;50;81;NO;DC;GAS;11/02/2021;YOPAL;CASANARE;TERMOYOPAL GENERACION 2 S.A.S E.S.P.;OPERACI�N;TERMICA;NORMAL
TYP4;TERMOYOPAL G4;50;84;NO;DC;GAS;31/08/2020;YOPAL;CASANARE;TERMOYOPAL GENERACION 2 S.A.S E.S.P.;OPERACI�N;TERMICA;NORMAL
TYP3;TERMOYOPAL G3;50;85;NO;DC;GAS;31/08/2020;YOPAL;CASANARE;TERMOYOPAL GENERACION 2 S.A.S E.S.P.;OPERACI�N;TERMICA;NORMAL
2WFN;TERMOCAPACHOS 1;9.9;0;SI;ND;GAS;4/08/2019;TAME;ARAUCA;GENERSA S.A.S. E.S.P.;OPERACI�N;TERMICA;NORMAL
2W4Y;AUTOG FAMILIA;1;1;NO;ND;GAS;23/03/2019;MEDELL�N;ANTIOQUIA;DEPI ENERGY S.A.S. E.S.P.;INACTIVO;TERMICA;AUTOGENERADOR
2V27;AUTOG COCA-COLA FEMSA 1;2.44;0;SI;ND;GAS;25/07/2018;TOCANCIPA;CUNDINAMARCA;DEPI ENERGY S.A.S. E.S.P.;OPERACI�N;TERMICA;AUTOGENERADOR
2U91;TERMOMECHERO 6;19.3;0;SI;ND;GAS;2/02/2018;YOPAL;CASANARE;TERMO MECHERO MORRO S.A.S E.S.P;OPERACI�N;TERMICA;NORMAL
2U8Y;TERMOMECHERO 5;19.3;0;SI;ND;GAS;16/12/2017;YOPAL;CASANARE;TERMO MECHERO MORRO S.A.S E.S.P;OPERACI�N;TERMICA;NORMAL
2U93;TERMOMECHERO 4;19.3;0;SI;ND;GAS;2/02/2018;YOPAL;CASANARE;TERMO MECHERO MORRO S.A.S E.S.P;OPERACI�N;TERMICA;NORMAL
GE32;GECELCA 32;270;102;NO;DC;CARBON;28/09/2018;PTO. LIBERTADOR;C�RDOBA;GENERADORA Y COMERCIALIZADORA DE ENERGIA DEL CARIBE S.A. E.S.P.;OPERACI�N;TERMICA;NORMAL
2U5P;PROENCA II 1;17;0;SI;ND;CARBON;10/10/2017;GUACHEN�;CAUCA;PROYECTOS ENERGETICOS DEL CAUCA S.A. E.S.P.;OPERACI�N;TERMICA;NORMAL
2S9Q;TEQUENDAMA BIOGAS 1;2.25;0;SI;ND;BIOGAS;25/06/2016;FUNDACION;MAGDALENA;VOLTAJE EMPRESARIAL S.A.S. E.S.P.;OPERACI�N;TERMICA;NORMAL
2S8S;DO�A JUANA 1;1.7;0;SI;ND;BIOGAS;29/04/2016;BOGOTA D.C;BOGOT�. D.C.;BIOGAS COLOMBIA S.A.S. E.S.P;OPERACI�N;TERMICA;NORMAL
2S8I;AUTOG REFICAR 1;9.9;0;NO;ND;GAS;26/04/2016;CARTAGENA;BOL�VAR;GENERADORA Y COMERCIALIZADORA DE ENERGIA DEL CARIBE S.A. E.S.P.;OPERACI�N;TERMICA;AUTOGENERADOR
2S6Q;AUTOG YAGUARITO;1.6;0;NO;ND;BIOGAS;22/03/2016;SAN CARLOSGUAROA;META;ELECTRIFICADORA DEL META S.A. E.S.P.;OPERACI�N;TERMICA;AUTOGENERADOR
2S6S;AUTOG ARGOS YUMBO 1;9.9;0;SI;ND;CARBON;20/03/2016;YUMBO;VALLE DEL CAUCA;CELSIA COLOMBIA S.A. E.S.P.;OPERACI�N;TERMICA;AUTOGENERADOR
2V25;AUTOG ARGOS SOGAMOSO 1;15;0;NO;ND;CARBON;2/10/2018;SOGAMOSO;BOYAC�;EMPRESAS PUBLICAS DE MEDELLIN E.S.P.;OPERACI�N;TERMICA;AUTOGENERADOR
ARG1;AUTOG ARGOS CARTAGENA 1;16;8.95;NO;ND;GAS;15/03/2016;CARTAGENA;BOL�VAR;CELSIA COLOMBIA S.A. E.S.P.;OPERACI�N;TERMICA;AUTOGENERADOR
TMB1;TERMOBOLIVAR 1;9.7;0;SI;ND;GAS;4/03/2016;TOPAGA;BOYAC�;GENERSA S.A.S. E.S.P.;OPERACI�N;TERMICA;NORMAL
TSJ2;TASAJERO 2;170;102;NO;DC;CARBON;30/11/2015;SAN CAYETANO;NORTE DE SANTANDER;TERMOTASAJERO DOS S.A. E.S.P.;OPERACI�N;TERMICA;NORMAL
PRF1;PURIFICACION;8;11;SI;ND;GAS;25/11/2014;PURIFICACION;TOLIMA;SURENERGY S.A.S. E.S.P.;INACTIVO;TERMICA;NORMAL
GEC3;GECELCA 3;164;101;NO;DC;CARBON;17/09/2015;PTO. LIBERTADOR;C�RDOBA;GENERADORA Y COMERCIALIZADORA DE ENERGIA DEL CARIBE S.A. E.S.P.;OPERACI�N;TERMICA;NORMAL
CTM1;EL MORRO 1;19.9;12.4;SI;ND;GAS;23/05/2007;YOPAL;CASANARE;TERMOYOPAL GENERACION 2 S.A.S E.S.P.;INACTIVO;TERMICA;NORMAL
CTM2;EL MORRO 2;19.9;13.84;SI;ND;GAS;9/08/2007;YOPAL;CASANARE;TERMOYOPAL GENERACION 2 S.A.S E.S.P.;INACTIVO;TERMICA;NORMAL
CIMR;CIMARRON;19.9;13.5;SI;ND;GAS;18/08/2007;YOPAL;CASANARE;TERMOYOPAL GENERACION 2 S.A.S E.S.P.;INACTIVO;TERMICA;NORMAL
TPD1;TERMOPIEDRAS 1;3.75;0.0001;SI;ND;GAS;30/12/1999;PIEDRAS;TOLIMA;TERMOPIEDRAS S.A. E.S.P.;OPERACI�N;TERMICA;NORMAL
PPA4;PAIPA 4;165;93;NO;DC;CARBON;8/01/1999;PAIPA;BOYAC�;COMPA��A EL�CTRICA DE SOCHAGOTA S.A. E.S.P.;OPERACI�N;TERMICA;NORMAL
MRL1;MERILECTRICA 1;164;90;NO;DC;GAS;5/02/1998;BARRANCABERMEJA;SANTANDER;CELSIA COLOMBIA S.A. E.S.P.;OPERACI�N;TERMICA;NORMAL
TDR1;TERMODORADA 1;50;10;NO;DC;GAS;11/08/1997;LA DORADA;CALDAS;EMPRESAS PUBLICAS DE MEDELLIN E.S.P.;OPERACI�N;TERMICA;NORMAL
ZPA5;ZIPAEMG 5;63;127;NO;DC;CARBON;14/12/1985;TOCANCIPA;CUNDINAMARCA;ENEL COLOMBIA SA ESP;OPERACI�N;TERMICA;NORMAL
ZPA4;ZIPAEMG 4;64;130;NO;DC;CARBON;1/04/1981;TOCANCIPA;CUNDINAMARCA;ENEL COLOMBIA SA ESP;OPERACI�N;TERMICA;NORMAL
ZPA3;ZIPAEMG 3;63;117;NO;DC;CARBON;1/01/1976;TOCANCIPA;CUNDINAMARCA;ENEL COLOMBIA SA ESP;OPERACI�N;TERMICA;NORMAL
ZPA2;ZIPAEMG 2;36;114;NO;DC;CARBON;1/01/1964;TOCANCIPA;CUNDINAMARCA;ENEL COLOMBIA SA ESP;OPERACI�N;TERMICA;NORMAL
TSJ1;TASAJERO 1;165;92;NO;DC;CARBON;20/02/1985;SAN CAYETANO;NORTE DE SANTANDER;TERMOTASAJERO S.A. E.S.P.;OPERACI�N;TERMICA;NORMAL
PRG2;PROELECTRICA 2;45;81;NO;DC;GAS;1/07/1993;CARTAGENA;BOL�VAR;PROELECTRICA S.A.S E.S.P.;OPERACI�N;TERMICA;NORMAL
PRG1;PROELECTRICA 1;45;83;NO;DC;GAS;1/07/1993;CARTAGENA;BOL�VAR;PROELECTRICA S.A.S E.S.P.;OPERACI�N;TERMICA;NORMAL
PLQ3;PALENQUE 3;13;143;NO;DC;GAS;1/01/1972;GIRON;SANTANDER;ELECTRIFICADORA DE SANTANDER S.A. E.S.P.;INACTIVO;TERMICA;NORMAL
PPA3;PAIPA 3;70;114;NO;DC;CARBON;6/05/1982;PAIPA;BOYAC�;GESTION ENERGETICA S.A. E.S.P.;OPERACI�N;TERMICA;NORMAL
PPA2;PAIPA 2;72;106;NO;DC;CARBON;1/01/1975;PAIPA;BOYAC�;GESTION ENERGETICA S.A. E.S.P.;OPERACI�N;TERMICA;NORMAL
PPA1;PAIPA 1;36;124;NO;DC;CARBON;1/01/1963;PAIPA;BOYAC�;GESTION ENERGETICA S.A. E.S.P.;OPERACI�N;TERMICA;NORMAL
TGJ2;GUAJIRA 2;130;10;NO;DC;MEZCLA GAS - CARB�N;23/11/1987;DIBULLA;LA GUAJIRA;GENERADORA Y COMERCIALIZADORA DE ENERGIA DEL CARIBE S.A. E.S.P.;OPERACI�N;TERMICA;NORMAL
TGJ1;GUAJIRA 1;145;102;NO;DC;CARBON;8/08/1983;DIBULLA;LA GUAJIRA;GENERADORA Y COMERCIALIZADORA DE ENERGIA DEL CARIBE S.A. E.S.P.;OPERACI�N;TERMICA;NORMAL
VLL1;VALLE 1;39.5;0;NO;DC;ACPM;1/01/1994;CALI;VALLE DEL CAUCA;CENTRAL HIDROELECTRICA DE BETANIA S.A. E.S.P.;INACTIVO;TERMICA;NORMAL
TBU3;TIBU 3;5;0;NO;DC;DIESEL MAR;1/01/1965;TIBU;NORTE DE SANTANDER;CENTRALES ELECTRICAS DEL NORTE DE SANTANDER S.A. E.S.P.;INACTIVO;TERMICA;NORMAL
TBU2;TIBU 2;5;0;NO;DC;DIESEL MAR;1/01/1965;TIBU;NORTE DE SANTANDER;CENTRALES ELECTRICAS DEL NORTE DE SANTANDER S.A. E.S.P.;INACTIVO;TERMICA;NORMAL
TBU1;TIBU 1;5;0;NO;DC;DIESEL MAR;1/01/1965;TIBU;NORTE DE SANTANDER;CENTRALES ELECTRICAS DEL NORTE DE SANTANDER S.A. E.S.P.;INACTIVO;TERMICA;NORMAL
RMAR;RIOMAR 1;9;0;NO;DC;GAS;20/07/1995;BARRANQUILLA;ATL�NTICO;ELECTRIFICADORA DEL ATLANTICO S.A. E.S.P.;INACTIVO;TERMICA;NORMAL
PLQ4;PALENQUE 4;14;0;NO;DC;GAS;20/07/1995;GIRON;SANTANDER;ELECTRIFICADORA DE SANTANDER S.A. E.S.P.;INACTIVO;TERMICA;NORMAL
LNN4;LA UNION 4;9;0;NO;DC;GAS;1/01/1971;BARRANQUILLA;ATL�NTICO;ELECTRIFICADORA DEL ATLANTICO S.A. E.S.P.;INACTIVO;TERMICA;NORMAL
LNN3;LA UNION 3;18;0;NO;DC;GAS;1/01/1971;BARRANQUILLA;ATL�NTICO;ELECTRIFICADORA DEL ATLANTICO S.A. E.S.P.;INACTIVO;TERMICA;NORMAL
LNN2;LA UNION 2;9;0;NO;DC;GAS;1/01/1971;BARRANQUILLA;ATL�NTICO;ELECTRIFICADORA DEL ATLANTICO S.A. E.S.P.;INACTIVO;TERMICA;NORMAL
LNN1;LA UNION 1;8;0;NO;DC;GAS;1/01/1971;BARRANQUILLA;ATL�NTICO;ELECTRIFICADORA DEL ATLANTICO S.A. E.S.P.;INACTIVO;TERMICA;NORMAL
ERO8;EL RIO 8;11;0;NO;DC;GAS;1/01/1972;BARRANQUILLA;ATL�NTICO;ELECTRIFICADORA DEL ATLANTICO S.A. E.S.P.;INACTIVO;TERMICA;NORMAL
ERO7;EL RIO 7;10;0;NO;DC;GAS;1/01/1972;BARRANQUILLA;ATL�NTICO;ELECTRIFICADORA DEL ATLANTICO S.A. E.S.P.;INACTIVO;TERMICA;NORMAL
CTG3;CARTAGENA 3;66;12;NO;DC;GAS;1/01/1980;CARTAGENA;BOL�VAR;NITRO ENERGY COLOMBIA S.A.S. E.S.P.;OPERACI�N;TERMICA;NORMAL
CTG2;CARTAGENA 2;60;118;NO;DC;GAS;1/01/1980;CARTAGENA;BOL�VAR;NITRO ENERGY COLOMBIA S.A.S. E.S.P.;OPERACI�N;TERMICA;NORMAL
CTG1;CARTAGENA 1;52;14;NO;DC;GAS;20/07/1995;CARTAGENA;BOL�VAR;NITRO ENERGY COLOMBIA S.A.S. E.S.P.;OPERACI�N;TERMICA;NORMAL
TBQ4;BARRANQUILLA 4;60;117;NO;DC;GAS;1/01/1980;SOLEDAD;ATL�NTICO;TERMOBARRANQUILLA S.A. EMPRESA DE SERVICIOS PUBLICOS;OPERACI�N;TERMICA;NORMAL
TBQ3;BARRANQUILLA 3;60;105;NO;DC;GAS;1/01/1980;SOLEDAD;ATL�NTICO;TERMOBARRANQUILLA S.A. EMPRESA DE SERVICIOS PUBLICOS;OPERACI�N;TERMICA;NORMAL
TYP1;TERMOYOPAL 1;8;136;NO;DC;GAS;1/12/2020;YOPAL;CASANARE;TERMOYOPAL GENERACION 2 S.A.S E.S.P.;OPERACI�N;TERMICA;NORMAL
TYP2;TERMOYOPAL 2;28;120;NO;DC;GAS;29/07/2004;YOPAL;CASANARE;TERMOYOPAL GENERACION 2 S.A.S E.S.P.;OPERACI�N;TERMICA;NORMAL
BRN3;BARRANCA 3;24;0;NO;DC;ACPM;20/03/2016;BARRANCABERMEJA;SANTANDER;EMPRESAS PUBLICAS DE MEDELLIN E.S.P.;INACTIVO;TERMICA;NORMAL
BRN2;BARRANCA 2;12;0;SI;DC;GAS;1/02/2016;BARRANCABERMEJA;SANTANDER;EMPRESAS PUBLICAS DE MEDELLIN E.S.P.;INACTIVO;TERMICA;NORMAL
BRN1;BARRANCA 1;12;13.26;SI;DC;ACPM;20/03/2016;BARRANCABERMEJA;SANTANDER;EMPRESAS PUBLICAS DE MEDELLIN E.S.P.;INACTIVO;TERMICA;NORMAL
ERO6;EL RIO 6;10;0;NO;DC;GAS;1/01/1972;BARRANQUILLA;ATL�NTICO;ELECTRIFICADORA DEL ATLANTICO S.A. E.S.P.;INACTIVO;TERMICA;NORMAL
ERO5;EL RIO 5;4;0;NO;DC;GAS;1/01/1972;BARRANQUILLA;ATL�NTICO;ELECTRIFICADORA DEL ATLANTICO S.A. E.S.P.;INACTIVO;TERMICA;NORMAL
ERO4;EL RIO 4;4.5;0;NO;DC;GAS;1/01/1972;BARRANQUILLA;ATL�NTICO;ELECTRIFICADORA DEL ATLANTICO S.A. E.S.P.;INACTIVO;TERMICA;NORMAL
ERO3;EL RIO 3;4.5;0;NO;DC;GAS;1/01/1972;BARRANQUILLA;ATL�NTICO;ELECTRIFICADORA DEL ATLANTICO S.A. E.S.P.;INACTIVO;TERMICA;NORMAL
ERO2;EL RIO 2;4;0;NO;DC;GAS;1/01/1972;BARRANQUILLA;ATL�NTICO;ELECTRIFICADORA DEL ATLANTICO S.A. E.S.P.;INACTIVO;TERMICA;NORMAL
ERO1;EL RIO 1;1.8;0;NO;DC;GAS;1/01/1972;BARRANQUILLA;ATL�NTICO;ELECTRIFICADORA DEL ATLANTICO S.A. E.S.P.;INACTIVO;TERMICA;NORMAL
BLL2;BALLENA 2;13;0;NO;DC;GAS;1/01/1983;RIOHACHA;LA GUAJIRA;CORPORACION ELECTRICA DE LA COSTA ATLANTICA S.A. E.S.P.;INACTIVO;TERMICA;NORMAL
BLL1;BALLENA 1;13;0;NO;DC;GAS;1/01/1983;RIOHACHA;LA GUAJIRA;CORPORACION ELECTRICA DE LA COSTA ATLANTICA S.A. E.S.P.;INACTIVO;TERMICA;NORMAL
3NU4;GD FINCA JM;0.99;0;SI;ND;RAD SOLAR;16/09/2024;SANTO TOMAS;ATL�NTICO;GREENYELLOW COMERCIALIZADORA S.A.S. E.S.P.;OPERACI�N;SOLAR;GEN. DISTRIBUIDA
3N5E;AGPE SUB LIBERTADOR;0.02;0;SI;ND;RAD SOLAR;18/07/2024;SANTA MARTA;MAGDALENA;AIR- E S.A.S. E.S.P. - INTERVENIDO;OPERACI�N;SOLAR;AUTOG PEQ. ESCALA
3NDE;GD ERCO TOLDADO;0.99;0;SI;ND;RAD SOLAR;19/09/2024;ORTEGA;TOLIMA;ERCO GENERACION S.A.S. ESP;OPERACI�N;SOLAR;GEN. DISTRIBUIDA
3NLE;GD NAOS I;0.96;0;SI;ND;RAD SOLAR;27/08/2024;TAMINANGO;NARI�O;UNERGY ENERGY DIGITAL S.A.S E.S.P;OPERACI�N;SOLAR;GEN. DISTRIBUIDA
3MS2;CELSIA SOLAR PUERTO TEJADA;19.9;0;NO;ND;RAD SOLAR;31/05/2024;PUERTO TEJADA;CAUCA;CELSIA COLOMBIA S.A. E.S.P.;PRUEBAS;SOLAR;AUTOGENERADOR
3MHB;MINIGRANJA LA PAZ VALLENATA;0.996;0;SI;ND;RAD SOLAR;13/08/2024;ROBLES (LA PAZ);CESAR;UNERGY ENERGY DIGITAL S.A.S E.S.P;OPERACI�N;SOLAR;GEN. DISTRIBUIDA
3KVZ;AUTOG BIOS CONTEGRAL CARTAGO;3;0;SI;ND;RAD SOLAR;24/05/2024;CARTAGO;VALLE DEL CAUCA;EMPRESAS PUBLICAS DE MEDELLIN E.S.P.;OPERACI�N;SOLAR;AUTOGENERADOR
3KOD;ECOPARQUE SOLAR BRISAS;4;0;SI;ND;RAD SOLAR;27/04/2024;AIPE;HUILA;GENERADORA Y COMERCIALIZADORA DE ENERGIA DEL CARIBE S.A. E.S.P.;INACTIVO;SOLAR;AUTOGENERADOR
3KXQ;AUTOG BIOS CONTEGRAL NEIVA;1.6;0;SI;ND;RAD SOLAR;24/05/2024;NEIVA;HUILA;EMPRESAS PUBLICAS DE MEDELLIN E.S.P.;OPERACI�N;SOLAR;AUTOGENERADOR
3NLZ;SOLAR OLD T;9.9;0;SI;ND;RAD SOLAR;30/04/2024;TOLUVIEJO;SUCRE;VATIA S.A. E.S.P.;PRUEBAS;SOLAR;NORMAL
3K8A;CELSIA SOLAR ALUMINA;2;0;NO;ND;RAD SOLAR;24/03/2024;YUMBO;VALLE DEL CAUCA;CELSIA COLOMBIA S.A. E.S.P.;OPERACI�N;SOLAR;AUTOGENERADOR
3NR8;LA INGLESA;0.996;0;SI;ND;RAD SOLAR;16/09/2024;SAN DIEGO;CESAR;UNERGY ENERGY DIGITAL S.A.S E.S.P;OPERACI�N;SOLAR;GEN. DISTRIBUIDA
3KOL;GD PALERMO;0.975;0;SI;ND;RAD SOLAR;29/02/2024;FLANDES;TOLIMA;CELSIA COLOMBIA S.A. E.S.P.;PRUEBAS;SOLAR;GEN. DISTRIBUIDA
3JPC;GD CHICORAL;0.975;0;SI;ND;RAD SOLAR;19/05/2024;FLANDES;TOLIMA;CELSIA COLOMBIA S.A. E.S.P.;OPERACI�N;SOLAR;GEN. DISTRIBUIDA
3JPE;GD LOS CHORROS;0.6;0;SI;ND;RAD SOLAR;16/02/2024;FLANDES;TOLIMA;CELSIA COLOMBIA S.A. E.S.P.;OPERACI�N;SOLAR;GEN. DISTRIBUIDA
3JQA;GD EL BANCO;0.975;0;SI;ND;RAD SOLAR;22/02/2024;ARMERO;TOLIMA;CELSIA COLOMBIA S.A. E.S.P.;OPERACI�N;SOLAR;GEN. DISTRIBUIDA
3NGJ;GD CHIMBI;0.975;0;SI;ND;RAD SOLAR;28/08/2024;CARMEN DEAPICALA;TOLIMA;CELSIA COLOMBIA S.A. E.S.P.;OPERACI�N;SOLAR;GEN. DISTRIBUIDA
3JP8;GD LA URIBE;0.6;0;SI;ND;RAD SOLAR;14/03/2024;LA VICTORIA;VALLE DEL CAUCA;CELSIA COLOMBIA S.A. E.S.P.;OPERACI�N;SOLAR;GEN. DISTRIBUIDA
3K6X;GD LA HONDA;0.975;0;SI;ND;RAD SOLAR;14/03/2024;LA VICTORIA;VALLE DEL CAUCA;CELSIA COLOMBIA S.A. E.S.P.;OPERACI�N;SOLAR;GEN. DISTRIBUIDA
3JPA;GD ALFEREZ;0.6;0;SI;ND;RAD SOLAR;22/02/2024;CALI;VALLE DEL CAUCA;CELSIA COLOMBIA S.A. E.S.P.;OPERACI�N;SOLAR;GEN. DISTRIBUIDA
3JP6;GD BASILICA;0.975;0;SI;ND;RAD SOLAR;16/02/2024;BUGA;VALLE DEL CAUCA;CELSIA COLOMBIA S.A. E.S.P.;OPERACI�N;SOLAR;GEN. DISTRIBUIDA
3JQC;GANDALF;0.996;0;SI;ND;RAD SOLAR;22/02/2024;SAN DIEGO;CESAR;UNERGY ENERGY DIGITAL S.A.S E.S.P;OPERACI�N;SOLAR;GEN. DISTRIBUIDA
3JQE;CANAHUATE;0.996;0;SI;ND;RAD SOLAR;22/02/2024;SAN DIEGO;CESAR;UNERGY ENERGY DIGITAL S.A.S E.S.P;OPERACI�N;SOLAR;GEN. DISTRIBUIDA
3JPM;BARAYA;0.996;0;SI;ND;RAD SOLAR;18/02/2024;GALERAS;SUCRE;UNERGY ENERGY DIGITAL S.A.S E.S.P;OPERACI�N;SOLAR;GEN. DISTRIBUIDA
3K6T;SOLAR ALEJANDRIA;9.4;0;SI;ND;RAD SOLAR;27/04/2024;PLANETA RICA;C�RDOBA;GREENYELLOW COMERCIALIZADORA S.A.S. E.S.P.;OPERACI�N;SOLAR;NORMAL
3JPK;MINIGRANJA SAN PEDRO;0.9959;0;SI;ND;RAD SOLAR;27/02/2024;SAN PEDRO;SUCRE;NITRO ENERGY COLOMBIA S.A.S. E.S.P.;OPERACI�N;SOLAR;GEN. DISTRIBUIDA
3LMH;JEQUES;9.9;0;SI;ND;RAD SOLAR;31/12/2023;CUCUNUBA;CUNDINAMARCA;ABO WIND RENOVABLES PROYECTO DIECISIETE S.A.S. E.S.P;PRUEBAS;SOLAR;NORMAL
3KJK;SOL Y CIELO I;9.9;0;SI;ND;RAD SOLAR;26/05/2024;MONTERIA;C�RDOBA;ENERGIA Y GAS DE COLOMBIA SAS ESP;OPERACI�N;SOLAR;NORMAL
3LMJ;CELSIA SOLAR BUGALAGRANDE;9.9;0;SI;ND;RAD SOLAR;31/12/2023;ANDALUCIA;VALLE DEL CAUCA;CELSIA COLOMBIA S.A. E.S.P.;PRUEBAS;SOLAR;NORMAL
3JBP;LA NENERA;0.975;0;SI;ND;RAD SOLAR;13/01/2024;SAN JUAN NEPOMUC.;BOL�VAR;ERCO GENERACION S.A.S. ESP;OPERACI�N;SOLAR;GEN. DISTRIBUIDA
3L9B;AUTOG EL COPEY;6.6;0;NO;ND;RAD SOLAR;31/05/2024;EL COPEY;CESAR;GENERADORA Y COMERCIALIZADORA DE ENERGIA DEL CARIBE S.A. E.S.P.;OPERACI�N;SOLAR;AUTOGENERADOR
3J83;GUAMO;9;0;SI;ND;RAD SOLAR;31/10/2023;GUAMO;TOLIMA;ERCO GENERACION S.A.S. ESP;PRUEBAS;SOLAR;NORMAL
3J85;NUMBANA;9.9;0;SI;ND;RAD SOLAR;31/10/2023;GUAMO;TOLIMA;ERCO GENERACION S.A.S. ESP;PRUEBAS;SOLAR;NORMAL
3LLY;PARQUE SOLAR HONDA II;9.9;0;SI;ND;RAD SOLAR;31/08/2024;GUADUAS;CUNDINAMARCA;ATL�NTICA COLOMBIA S.A.S. E.S.P.;OPERACI�N;SOLAR;NORMAL
3J1J;PARQUE SOLAR HONDA I;9.9;0;SI;ND;RAD SOLAR;28/12/2023;GUADUAS;CUNDINAMARCA;ATL�NTICA COLOMBIA S.A.S. E.S.P.;OPERACI�N;SOLAR;NORMAL
3J4D;CAIMAN CIENAGUERO;9;0;SI;ND;RAD SOLAR;15/12/2023;CIENAGA;MAGDALENA;GREENYELLOW COMERCIALIZADORA S.A.S. E.S.P.;OPERACI�N;SOLAR;NORMAL
3J2H;PETALO DE CORDOBA II;9.9;0;SI;ND;RAD SOLAR;16/12/2023;CHINU;C�RDOBA;BCCY CORDOBA S.A.S. E.S.P.;OPERACI�N;SOLAR;NORMAL
TPUY;PARQUE SOLAR TEPUY;83;0;NO;DC;RAD SOLAR;12/06/2024;LA DORADA;CALDAS;EMPRESAS PUBLICAS DE MEDELLIN E.S.P.;OPERACI�N;SOLAR;NORMAL
3J4V;PARQUE SOLAR LA MENA;9;0;SI;ND;RAD SOLAR;16/02/2024;SAN CARLOSGUAROA;META;GREENYELLOW COMERCIALIZADORA S.A.S. E.S.P.;OPERACI�N;SOLAR;NORMAL
3J4T;PARQUE SOLAR VERSALLES;9;0;SI;ND;RAD SOLAR;11/03/2024;SAN JUANDE ARAMA;META;GREENYELLOW COMERCIALIZADORA S.A.S. E.S.P.;OPERACI�N;SOLAR;NORMAL
3J4R;PARQUE SOLAR DINAMARCA;9;0;SI;ND;RAD SOLAR;11/03/2024;SAN JUANDE ARAMA;META;GREENYELLOW COMERCIALIZADORA S.A.S. E.S.P.;OPERACI�N;SOLAR;NORMAL
3IS2;PARQUE SOLAR ARENAL;2;0;SI;ND;RAD SOLAR;30/12/2023;SAN ESTANISLAO;BOL�VAR;NITRO ENERGY COLOMBIA S.A.S. E.S.P.;OPERACI�N;SOLAR;NORMAL
3INX;CARACOLI I;50;0;NO;DC;RAD SOLAR;31/07/2023;MALAMBO;ATL�NTICO;SOL DE LAS CI�NAGAS S.A.S. E.S.P.;PRUEBAS;SOLAR;NORMAL
3K8E;BSB 504;19.9;0;SI;ND;RAD SOLAR;31/07/2023;SABANALARGA;ATL�NTICO;ISAGEN S.A. E.S.P.;PRUEBAS;SOLAR;NORMAL
3K8C;BSB 503;19.9;0;SI;ND;RAD SOLAR;31/07/2023;SABANALARGA;ATL�NTICO;ISAGEN S.A. E.S.P.;PRUEBAS;SOLAR;NORMAL
3IRZ;LA CASCADA DE GRANADA;2.09;1.8;SI;ND;AGUA;30/09/2023;GRANADA;ANTIOQUIA;SANTA FE ENERGY ZOMAC S.A.S. E.S.P.;OPERACI�N;HIDRAULICA;NORMAL
3IRX;PORTON DEL SOL;102;0;NO;DC;RAD SOLAR;8/03/2024;LA DORADA;CALDAS;PARQUE SOLAR PORTON DEL SOL SAS ESP;OPERACI�N;SOLAR;NORMAL
3HWK;AGPE EL ENCANTO;0.986;0;SI;ND;RAD SOLAR;8/06/2023;POLONUEVO;ATL�NTICO;ENERMAS SAS ESP;OPERACI�N;SOLAR;AUTOG PEQ. ESCALA
3HG9;COMUNIDAD EL SALVADOR II;0.0037;0;SI;ND;RAD SOLAR;24/03/2023;MEDELL�N;ANTIOQUIA;ERCO GENERACION S.A.S. ESP;OPERACI�N;SOLAR;GEN. DISTRIBUIDA
3HG7;COMUNIDAD EL SALVADOR I;0.0127;0;SI;ND;RAD SOLAR;24/03/2023;MEDELL�N;ANTIOQUIA;ERCO GENERACION S.A.S. ESP;OPERACI�N;SOLAR;GEN. DISTRIBUIDA
3HF5;FUNDACION;90;0;NO;DC;RAD SOLAR;24/06/2024;PIVIJAY;MAGDALENA;ENEL COLOMBIA SA ESP;OPERACI�N;SOLAR;NORMAL
3HDE;SAN BARTOLOME;19.9;15;SI;ND;AGUA;14/05/2023;GUAPOTA;SANTANDER;PCH SAN BARTOLOME S.A.S. E.S.P.;OPERACI�N;HIDRAULICA;NORMAL
3HYG;URUACO;0.996;0;SI;ND;RAD SOLAR;18/06/2023;LURUACO;ATL�NTICO;UNERGY ENERGY DIGITAL S.A.S E.S.P;OPERACI�N;SOLAR;GEN. DISTRIBUIDA
3HF7;CELSIA SOLAR LA VICTORIA II;19.9;0;SI;ND;RAD SOLAR;30/08/2023;LA VICTORIA;VALLE DEL CAUCA;CELSIA COLOMBIA S.A. E.S.P.;OPERACI�N;SOLAR;NORMAL
3HLD;LOS GIRASOLES;9.5;0;SI;ND;RAD SOLAR;5/08/2023;ABREGO;NORTE DE SANTANDER;PARQUE SOLAR LOS GIRASOLES S.A.S ESP;OPERACI�N;SOLAR;NORMAL
3HF9;CELSIA SOLAR LA VICTORIA I;19.9;0;SI;ND;RAD SOLAR;30/08/2023;LA VICTORIA;VALLE DEL CAUCA;CELSIA COLOMBIA S.A. E.S.P.;OPERACI�N;SOLAR;NORMAL
3HWM;PETALO DEL MAGDALENA;9.9;0;SI;ND;RAD SOLAR;5/08/2023;ZONA BANANERA;MAGDALENA;CELSIA COLOMBIA S.A. E.S.P.;OPERACI�N;SOLAR;NORMAL
3HE8;AUTOG CELSIA SOLAR PALMIRA 3 ZONA FRANCA;2.9;0;NO;ND;RAD SOLAR;30/04/2023;PALMIRA;VALLE DEL CAUCA;CELSIA COLOMBIA S.A. E.S.P.;OPERACI�N;SOLAR;AUTOGENERADOR
MATA;LA MATA;80;0;NO;DC;RAD SOLAR;27/06/2024;LA GLORIA;CESAR;SPK LA MATA S.A.S E.S.P;OPERACI�N;SOLAR;NORMAL
3IZ6;PARQUE SOLAR LA UNION;100;0;NO;DC;RAD SOLAR;19/06/2024;SAN CARLOS;C�RDOBA;SPK LA UNI�N S.A.S. E.S.P.;OPERACI�N;SOLAR;NORMAL
3IJF;AUTOG COSTAYACO;2;0.0865;NO;ND;GAS;4/09/2023;VILLAGARZON;PUTUMAYO;DEPI ENERGY S.A.S. E.S.P.;OPERACI�N;TERMICA;AUTOGENERADOR
3J2B;SOLAR PLANETA RICA;19.9;0;SI;ND;RAD SOLAR;17/04/2024;PLANETA RICA;C�RDOBA;CELSIA COLOMBIA S.A. E.S.P.;OPERACI�N;SOLAR;NORMAL
3IQA;SUNNORTE;35;0;NO;DC;RAD SOLAR;31/12/2022;OCANA;NORTE DE SANTANDER;GENERSOL S.A.S. E.S.P.;PRUEBAS;SOLAR;NORMAL
3GVM;CELSIA SOLAR YUMA;9.1;0;SI;ND;RAD SOLAR;27/03/2023;FLANDES;TOLIMA;CELSIA COLOMBIA S.A. E.S.P.;OPERACI�N;SOLAR;NORMAL
3GVK;CELSIA SOLAR DULIMA;19.9;0;SI;ND;RAD SOLAR;27/03/2023;FLANDES;TOLIMA;CELSIA COLOMBIA S.A. E.S.P.;OPERACI�N;SOLAR;NORMAL
3GVI;GRANJA SOLAR FLANDES;19.9;0;SI;ND;RAD SOLAR;27/03/2023;FLANDES;TOLIMA;CELSIA COLOMBIA S.A. E.S.P.;OPERACI�N;SOLAR;NORMAL
RUB1;TERMOEBR;19;8.49;NO;DC;ACPM;25/12/2022;PUERTO GAITAN;META;PROELECTRICA S.A.S E.S.P.;INACTIVO;TERMICA;NORMAL
JAG1;TERMOPROYECTOS;19;7.26;NO;DC;ACPM;25/12/2022;TAURAMENA;CASANARE;PROELECTRICA S.A.S E.S.P.;INACTIVO;TERMICA;NORMAL
3GSF;AUTOG BUGA I GRASAS;4;0;NO;ND;RAD SOLAR;15/04/2023;BUGA;VALLE DEL CAUCA;CELSIA COLOMBIA S.A. E.S.P.;OPERACI�N;SOLAR;AUTOGENERADOR
3IRI;ITUANGO_P;600;2;NO;DC;AGUA;31/12/2022;ITUANGO;ANTIOQUIA;EMPRESAS PUBLICAS DE MEDELLIN E.S.P.;INACTIVO;HIDRAULICA;NORMAL
3GJU;AUTOG INGENIO CARMELITA;4.99;16.15;NO;ND;BAGAZO;30/12/2022;RIOFRIO;VALLE DEL CAUCA;DEPI ENERGY S.A.S. E.S.P.;OPERACI�N;TERMICA;AUTOGENERADOR
3HS9;AUTOG BUGA I SOLLA;4.9;0;SI;ND;RAD SOLAR;16/06/2023;BUGALAGRANDE;VALLE DEL CAUCA;CELSIA COLOMBIA S.A. E.S.P.;OPERACI�N;SOLAR;AUTOGENERADOR
3GPZ;MONTELIBANO;9.9;0;SI;ND;RAD SOLAR;21/12/2022;MONTELIBANO;C�RDOBA;CELSIA COLOMBIA S.A. E.S.P.;OPERACI�N;SOLAR;NORMAL
3FCD;AUTOG CELSIA SOLAR PALMIRA 3;4.99;0;NO;ND;RAD SOLAR;30/03/2023;PALMIRA;VALLE DEL CAUCA;CELSIA COLOMBIA S.A. E.S.P.;OPERACI�N;SOLAR;AUTOGENERADOR
3FCF;GRANJA SOLAR LANCEROS;9.1;0;SI;ND;RAD SOLAR;30/01/2023;MELGAR;TOLIMA;CELSIA COLOMBIA S.A. E.S.P.;OPERACI�N;SOLAR;NORMAL
3GRD;GRANJA SOLAR SAN FELIPE;9.1;0;SI;ND;RAD SOLAR;30/01/2023;ARMERO;TOLIMA;CELSIA COLOMBIA S.A. E.S.P.;OPERACI�N;SOLAR;NORMAL
3GI6;GRANJA SOLAR EL SALADO;0.0998;0;SI;ND;RAD SOLAR;17/06/2023;DAGUA;VALLE DEL CAUCA;FUENTES DE ENERGIAS RENOVABLES S.A.S. E.S.P.;OPERACI�N;SOLAR;NORMAL
3GJQ;TERMOTASAJERO DOS SOLAR;4;0;SI;ND;RAD SOLAR;26/12/2022;SAN CAYETANO;NORTE DE SANTANDER;TERMOTASAJERO DOS S.A. E.S.P.;OPERACI�N;SOLAR;NORMAL
GYPO;GUAYEPO;370;0;NO;DC;RAD SOLAR;30/09/2022;PONEDERA;ATL�NTICO;ENEL COLOMBIA SA ESP;PRUEBAS;SOLAR;NORMAL
3GFQ;AGPE FERCH2;0.00675;0;SI;ND;RAD SOLAR;17/11/2022;FLORIDABLANCA;SANTANDER;ENERMAS SAS ESP;OPERACI�N;SOLAR;AUTOG PEQ. ESCALA
3HBN;TIERRA LINDA;9.9;0;SI;ND;RAD SOLAR;4/04/2023;CHINU;C�RDOBA;ATL�NTICA COLOMBIA S.A.S. E.S.P.;OPERACI�N;SOLAR;NORMAL
3HBP;LA TOLUA;19.9;0;SI;ND;RAD SOLAR;4/04/2023;SAMPUES;SUCRE;ATL�NTICA COLOMBIA S.A.S. E.S.P.;OPERACI�N;SOLAR;NORMAL
3EXH;PARQUE EOLICO WESP01;12;0.001;SI;ND;VIENTO;31/08/2022;URIBIA;LA GUAJIRA;ISAGEN S.A. E.S.P.;PRUEBAS;EOLICA;NORMAL
3HDG;OIBITA;19.9;16;SI;ND;AGUA;14/05/2023;GUAPOTA;SANTANDER;PCH SAN BARTOLOME S.A.S. E.S.P.;OPERACI�N;HIDRAULICA;NORMAL
3EXB;CERRITOS;9.9;0;SI;ND;RAD SOLAR;19/09/2022;MARIQUITA;TOLIMA;CELSIA COLOMBIA S.A. E.S.P.;OPERACI�N;SOLAR;NORMAL
3EV1;LOS CABALLEROS;9.9;0;SI;ND;RAD SOLAR;15/09/2022;ARMERO;TOLIMA;CELSIA COLOMBIA S.A. E.S.P.;OPERACI�N;SOLAR;NORMAL
3EV3;LA MEDINA;9.9;0;SI;ND;RAD SOLAR;15/09/2022;MARIQUITA;TOLIMA;CELSIA COLOMBIA S.A. E.S.P.;OPERACI�N;SOLAR;NORMAL
3EP6;AUTOG CELSIA SOLAR HARINAS;2.45;0.001;NO;ND;RAD SOLAR;21/09/2022;TULUA;VALLE DEL CAUCA;CELSIA COLOMBIA S.A. E.S.P.;OPERACI�N;SOLAR;AUTOGENERADOR
3-ene;SINCE;18.5;0.001;SI;ND;RAD SOLAR;10/09/2022;SINCE;SUCRE;CELSIA COLOMBIA S.A. E.S.P.;OPERACI�N;SOLAR;NORMAL
3ENA;TESORITO;200;75;NO;DC;GAS;14/09/2022;SAHAGUN;C�RDOBA;CELSIA COLOMBIA S.A. E.S.P.;OPERACI�N;TERMICA;NORMAL
3EDL;BOSQUES SOLARES DE LOS LLANOS 5;17.9;0.001;SI;ND;RAD SOLAR;12/09/2022;PUERTO GAITAN;META;ISAGEN S.A. E.S.P.;OPERACI�N;SOLAR;NORMAL
3EFY;BOSQUES SOLARES DE LOS LLANOS 4;19.9;0;SI;ND;RAD SOLAR;12/09/2022;PUERTO GAITAN;META;ISAGEN S.A. E.S.P.;OPERACI�N;SOLAR;NORMAL
3EBN;GR PARQUE SOLAR TUCANES;9.9;0.001;SI;ND;RAD SOLAR;31/05/2022;CARTAGENA;BOL�VAR;CELSIA COLOMBIA S.A. E.S.P.;OPERACI�N;SOLAR;NORMAL
3E9I;ZEUS;9.9;14;SI;ND;AGUA;19/05/2022;DON MATIAS;ANTIOQUIA;CENTRAL HIDROEL�CTRICA ZEUS SAS ESP;OPERACI�N;HIDRAULICA;NORMAL
3EE4;PARQUE EOLICO GUAJIRA I;19.9;0.001;SI;ND;VIENTO;30/04/2022;URIBIA;LA GUAJIRA;ISAGEN S.A. E.S.P.;PRUEBAS;EOLICA;NORMAL
3E7C;AUTOG CELSIA SOLAR LEVAPAN;4.99;0.001;NO;ND;RAD SOLAR;11/06/2022;TULUA;VALLE DEL CAUCA;CELSIA COLOMBIA S.A. E.S.P.;OPERACI�N;SOLAR;AUTOGENERADOR
3.00E+98;AUTOG COLOMBINA DEL CAUCA;0.3;0;NO;ND;RAD SOLAR;30/05/2022;SANTANDER DE QUILICHAO;CAUCA;COMPA�IA ENERGETICA DE OCCIDENTE S.A.S. ESP;INACTIVO;SOLAR;AUTOGENERADOR
3ED1;AUTOG GRAN COLOMBIA GOLD;1;1.9;NO;ND;AGUA;31/05/2022;REMEDIOS;ANTIOQUIA;PROELECTRICA S.A.S E.S.P.;OPERACI�N;HIDRAULICA;AUTOGENERADOR
3DSO;HELIOS I;16;0;SI;ND;RAD SOLAR;3/03/2022;VILLAVICENCIO;META;EMPRESA DE ENERGIA DE BOYACA S.A. E.S.P.;OPERACI�N;SOLAR;NORMAL
3F5N;AUTOG PINTUCO;1;0;NO;ND;RAD SOLAR;25/08/2023;RIONEGRO;ANTIOQUIA;ERCO GENERACION S.A.S. ESP;OPERACI�N;SOLAR;AUTOGENERADOR
3F5L;AUTOG CI JEANS;1;0;NO;ND;RAD SOLAR;25/08/2023;LA ESTRELLA;ANTIOQUIA;ERCO GENERACION S.A.S. ESP;OPERACI�N;SOLAR;AUTOGENERADOR
3DXJ;LAS VIOLETAS;0.945;0.5559;SI;ND;AGUA;30/03/2022;SAN ROQUE;ANTIOQUIA;P.CH EL COCUYO SAS ESP;OPERACI�N;HIDRAULICA;GEN. DISTRIBUIDA
TCDT;TERMOCANDELARIA CC;555;6;NO;DC;GAS;27/10/2023;CARTAGENA;BOL�VAR;TERMOCANDELARIA S.A.S. - E.S.P.;OPERACI�N;TERMICA;CICLO COMBINADO
3H2U;TZ II;10.5;0.7;SI;ND;AGUA;31/12/2021;TARAZA;ANTIOQUIA;CENTRAL HIDROEL�CTRICA TZ II S.A.S. E.S.P.;PRUEBAS;HIDRAULICA;NORMAL
3CSH;GY SOLAR AURORA;9.9;0;SI;ND;RAD SOLAR;11/08/2022;PLANETA RICA;C�RDOBA;GREENYELLOW COMERCIALIZADORA S.A.S. E.S.P.;OPERACI�N;SOLAR;NORMAL
3CG9;LA CHORRERA;15;10;SI;ND;AGUA;31/05/2022;SAN ANDRES;ANTIOQUIA;HIDROENERGIA DE LA MONTA�A S.A.S E.S.P;OPERACI�N;HIDRAULICA;NORMAL
3BZB;CELSIA SOLAR LA PAILA;9.9;0;SI;ND;RAD SOLAR;7/08/2021;ZARZAL;VALLE DEL CAUCA;CELSIA COLOMBIA S.A. E.S.P.;OPERACI�N;SOLAR;NORMAL
3C3Z;LA SIERPE;19.9;0;SI;ND;RAD SOLAR;25/09/2021;MAJAGUAL;SUCRE;ATL�NTICA COLOMBIA S.A.S. E.S.P.;OPERACI�N;SOLAR;NORMAL
3C4V;AUTOG TERMOTAME;5;0;SI;ND;GAS;2/09/2021;TAME;ARAUCA;GENERSA S.A.S. E.S.P.;OPERACI�N;TERMICA;AUTOGENERADOR
3B4L;GRANJA SOLAR BELMONTE;5.06;0;SI;ND;RAD SOLAR;30/04/2021;PEREIRA;RISARALDA;AIR- E S.A.S. E.S.P. - INTERVENIDO;OPERACI�N;SOLAR;NORMAL
3DDT;LATAM SOLAR LA LOMA;150;0;NO;DC;RAD SOLAR;24/06/2024;EL PASO;CESAR;ENEL COLOMBIA SA ESP;OPERACI�N;SOLAR;NORMAL
3ADA;AUTOG PTAR BELLO;5;0;SI;ND;BIOGAS;30/11/2020;BELLO;ANTIOQUIA;EMPRESAS PUBLICAS DE MEDELLIN E.S.P.;OPERACI�N;TERMICA;AUTOGENERADOR
3ACC;CELSIA SOLAR CARMELO;9.9;0.001;SI;ND;RAD SOLAR;27/12/2020;CANDELARIA;VALLE DEL CAUCA;CELSIA COLOMBIA S.A. E.S.P.;OPERACI�N;SOLAR;AUTOGENERADOR
3AQP;CAUYA;1.51;0.75;SI;ND;AGUA;25/04/2022;ANSERMA;CALDAS;SANTA FE ENERGY ZOMAC S.A.S. E.S.P.;OPERACI�N;HIDRAULICA;NORMAL
TFL4;FLORES 4 CC;445;70;NO;DC;GAS;1/12/2010;BARRANQUILLA;ATL�NTICO;PRIME TERMOFLORES S.A.S. E.S.P.;OPERACI�N;TERMICA;CICLO COMBINADO
TRN1;TERMONORTE;88;8.09;NO;DC;GAS;1/12/2018;SANTA MARTA;MAGDALENA;TERMONORTE S.A.S. E.S.P.;OPERACI�N;TERMICA;NORMAL
TRM1;TERMOCENTRO CC;272;7;NO;DC;GAS;30/11/2000;CIMITARRA;SANTANDER;GENERADORA TERMOCENTRO S.A.S. E.S.P.;OPERACI�N;TERMICA;CICLO COMBINADO
TFL1;FLORES I CC;160;7;NO;DC;GAS;1/11/1993;BARRANQUILLA;ATL�NTICO;PRIME TERMOFLORES S.A.S. E.S.P.;OPERACI�N;TERMICA;CICLO COMBINADO
TSR1;TERMOSIERRA CC;433;63;NO;DC;GAS;7/02/1998;PTO NARE;ANTIOQUIA;EMPRESAS PUBLICAS DE MEDELLIN E.S.P.;OPERACI�N;TERMICA;CICLO COMBINADO
TVL1;TERMOVALLE CC;241;66;NO;DC;ACPM;17/12/2011;PALMIRA;VALLE DEL CAUCA;PRIME TERMOVALLE S.A.S EMPRESA DE SERVICIOS PUBLICOS;OPERACI�N;TERMICA;CICLO COMBINADO
TEC1;TERMOEMCALI CC;229;69;NO;DC;GAS;16/07/1999;PALMIRA;VALLE DEL CAUCA;TERMOEMCALI I S.A. E.S.P.;OPERACI�N;TERMICA;CICLO COMBINADO
TBST;TEBSAB CC;791;72;NO;DC;GAS;21/10/1989;SOLEDAD;ATL�NTICO;TERMOBARRANQUILLA S.A. EMPRESA DE SERVICIOS PUBLICOS;OPERACI�N;TERMICA;CICLO COMBINADO
3AFQ;POCUNE;1;1;SI;ND;AGUA;31/12/2020;REMEDIOS;ANTIOQUIA;SPECTRUM RENOVAVEIS S.A.S. E.S.P.;OPERACI�N;HIDRAULICA;GEN. DISTRIBUIDA
3A44;PLANTA SOLAR BAYUNCA I;3;0;SI;ND;RAD SOLAR;30/09/2020;CARTAGENA;BOL�VAR;4E GROUP S.A.S E.S.P.;OPERACI�N;SOLAR;NORMAL
TR3G;TRINA-VATIA BSLIII;19.9;0;SI;ND;RAD SOLAR;30/11/2020;PUERTO GAITAN;META;ISAGEN S.A. E.S.P.;OPERACI�N;SOLAR;NORMAL
2ZP9;TRINA-VATIA BSLI;19.9;0;SI;ND;RAD SOLAR;10/09/2020;PUERTO GAITAN;META;ISAGEN S.A. E.S.P.;OPERACI�N;SOLAR;NORMAL
TR2G;TRINA-VATIA BSLII;19.9;0;SI;ND;RAD SOLAR;22/01/2021;PUERTO GAITAN;META;ISAGEN S.A. E.S.P.;OPERACI�N;SOLAR;NORMAL
2ZHY;CELSIA SOLAR ESPINAL;9.9;0.001;SI;ND;RAD SOLAR;31/05/2020;ESPINAL;TOLIMA;CELSIA COLOMBIA S.A. E.S.P.;OPERACI�N;SOLAR;NORMAL
2ZCF;SAN ANDRES DE CUERQUIA;19.9;4.58;SI;ND;AGUA;11/06/2020;SAN ANDRES;ANTIOQUIA;CELSIA COLOMBIA S.A. E.S.P.;OPERACI�N;HIDRAULICA;NORMAL
2YIR;PCH LA LIBERTAD;1.2;1;SI;ND;AGUA;14/03/2020;TOCA;BOYAC�;EMPRESA GENERADORA Y COMERCIALIZADORA DE ENERGIA ELECTRICA DE COLOMBIA S.A. E.S.P.;OPERACI�N;HIDRAULICA;NORMAL
2VJS;CELSIA SOLAR BOLIVAR;8.06;0;SI;ND;RAD SOLAR;3/02/2019;SANTA ROSADE LIMA;BOL�VAR;CELSIA COLOMBIA S.A. E.S.P.;OPERACI�N;SOLAR;NORMAL
2TYI;AUTOG CELSIA SOLAR YUMBO;9.8;0;NO;ND;RAD SOLAR;3/09/2017;YUMBO;VALLE DEL CAUCA;CELSIA COLOMBIA S.A. E.S.P.;OPERACI�N;SOLAR;AUTOGENERADOR
HMIN;ESCUELA DE MINAS;55;2;NO;DC;AGUA;30/09/2019;MARINILLA;ANTIOQUIA;HIDROELECTRICA DEL ALTO PORCE S.A.S. E.S.P.;OPERACI�N;HIDRAULICA;FILO DE AGUA
2YNA;HIDROBARRANCAS;4.7;4.7;SI;ND;AGUA;26/11/2020;DABEIBA;ANTIOQUIA;HIDROELECTRICA BARRANCAS SAS ESP;OPERACI�N;HIDRAULICA;NORMAL
2WC5;MULATOS II;7.34;1.41;SI;ND;AGUA;26/08/2019;TARSO;ANTIOQUIA;ENERGIA DEL SUROESTE S.A. E.S.P.;OPERACI�N;HIDRAULICA;NORMAL
EPFV;EL PASO;68;0;NO;DC;RAD SOLAR;23/03/2024;EL PASO;CESAR;ENEL COLOMBIA SA ESP;OPERACI�N;SOLAR;NORMAL
2V5G;JUAN GARCIA;4.52;1;SI;ND;AGUA;12/09/2018;LIBORINA;ANTIOQUIA;EMPRESA DE GENERACION Y PROMOCION DE ENERGIA DE ANTIOQUIA S.A. E.S.P.;OPERACI�N;HIDRAULICA;NORMAL
2UX3;AURES BAJO;19.4;0.98;SI;ND;AGUA;12/12/2018;SONSON;ANTIOQUIA;AURES BAJO S.A.S. E.S.P.;OPERACI�N;HIDRAULICA;NORMAL
2UR5;SAN JOSE DE LA MONTA�A II;1.1;0.301;SI;ND;AGUA;6/10/2018;S. JOSELA MONTA;ANTIOQUIA;EMPRESA DE GENERACION Y PROMOCION DE ENERGIA DE ANTIOQUIA S.A. E.S.P.;OPERACI�N;HIDRAULICA;NORMAL
2UPH;TEQUENDAMA 4;14.2;1;SI;ND;AGUA;3/04/2018;SAN ANTONIODE TENA;CUNDINAMARCA;ENEL COLOMBIA SA ESP;OPERACI�N;HIDRAULICA;NORMAL
2UPF;TEQUENDAMA 3;14.2;1;SI;ND;AGUA;3/04/2018;SAN ANTONIODE TENA;CUNDINAMARCA;ENEL COLOMBIA SA ESP;OPERACI�N;HIDRAULICA;NORMAL
2UPD;TEQUENDAMA 2;14.2;1;SI;ND;AGUA;3/04/2018;SAN ANTONIODE TENA;CUNDINAMARCA;ENEL COLOMBIA SA ESP;OPERACI�N;HIDRAULICA;NORMAL
2UPJ;TEQUENDAMA 1;14.2;1;SI;ND;AGUA;3/04/2018;SAN ANTONIODE TENA;CUNDINAMARCA;ENEL COLOMBIA SA ESP;OPERACI�N;HIDRAULICA;NORMAL
2U1G;LAS PALMAS;2.8;0.15;SI;ND;AGUA;30/08/2017;SANTA ROSADE OSOS;ANTIOQUIA;VATIA S.A. E.S.P.;OPERACI�N;HIDRAULICA;NORMAL
2TUV;LUZMA II;19.6;36;SI;ND;AGUA;7/10/2017;AMALFI;ANTIOQUIA;ISAGEN S.A. E.S.P.;OPERACI�N;HIDRAULICA;NORMAL
2TUT;LUZMA I;19.6;37;SI;ND;AGUA;7/10/2017;AMALFI;ANTIOQUIA;ISAGEN S.A. E.S.P.;OPERACI�N;HIDRAULICA;NORMAL
2T7D;AUTOG CANTAYUS;4.32;1;SI;ND;AGUA;20/05/2017;CISNEROS;ANTIOQUIA;GENERADORA Y COMERCIALIZADORA DE ENERGIA DEL CARIBE S.A. E.S.P.;OPERACI�N;HIDRAULICA;AUTOGENERADOR
2T4P;SAN MATIAS;19.9;10;SI;ND;AGUA;25/04/2017;COCORNA;ANTIOQUIA;ISAGEN S.A. E.S.P.;OPERACI�N;HIDRAULICA;NORMAL
2T1L;EL MOLINO;19.9;10;SI;ND;AGUA;19/04/2017;COCORNA;ANTIOQUIA;ISAGEN S.A. E.S.P.;OPERACI�N;HIDRAULICA;NORMAL
2SW1;EL EDEN;19.9;37;SI;ND;AGUA;2/03/2017;PENSILVANIA;CALDAS;PROELECTRICA S.A.S E.S.P.;OPERACI�N;HIDRAULICA;NORMAL
2SS2;MAGALLO;5.7;0;SI;ND;AGUA;22/12/2016;CONCORDIA;ANTIOQUIA;CENTRAL HIDROEL�CTRICA CONCORDIA S.A.S. E.S.P.;OPERACI�N;HIDRAULICA;NORMAL
2SDR;ALEJANDRIA;17;1;SI;ND;AGUA;2/03/2017;ALEJANDRIA;ANTIOQUIA;GENERADORA ALEJANDRIA S.A.S. E.S.P.;OPERACI�N;HIDRAULICA;NORMAL
2S9L;EL COCUYO;0.7;0.1;SI;ND;AGUA;20/05/2016;VERSALLES;VALLE DEL CAUCA;P.CH EL COCUYO SAS ESP;OPERACI�N;HIDRAULICA;GEN. DISTRIBUIDA
2S8U;PORCE III MENOR;1.8;0.892;SI;ND;AGUA;25/04/2016;ANORI;ANTIOQUIA;EMPRESAS PUBLICAS DE MEDELLIN E.S.P.;OPERACI�N;HIDRAULICA;NORMAL
2S8N;GUAVIO MENOR;9.9;0;SI;ND;AGUA;27/04/2016;UBALA;CUNDINAMARCA;ENEL COLOMBIA SA ESP;OPERACI�N;HIDRAULICA;NORMAL
2S6U;AUTOG ARGOS EL CAIRO;6.5;0;NO;ND;AGUA;29/09/2017;SANTA BARBARA;ANTIOQUIA;EMPRESAS PUBLICAS DE MEDELLIN E.S.P.;OPERACI�N;HIDRAULICA;AUTOGENERADOR
2SI1;MORRO AZUL;19.9;11;SI;ND;AGUA;10/09/2016;BELEN DEUMBRIA;RISARALDA;RISARALDA ENERGIA S.A.S. E.S.P.;OPERACI�N;HIDRAULICA;NORMAL
COE1;COELLO;1.2;0.001;SI;ND;AGUA;10/12/2016;COELLO;TOLIMA;ENERGETICA S.A. E.S.P.;OPERACI�N;HIDRAULICA;NORMAL
2S78;LA FRISOLERA;0.47;0.5625;SI;ND;AGUA;29/04/2016;SALAMINA;CALDAS;GENERPUTUMAYO S.A.S. E.S.P.;OPERACI�N;HIDRAULICA;GEN. DISTRIBUIDA
PRV1;PROVIDENCIA;4.9;0.1;SI;ND;AGUA;30/09/2015;ANORI;ANTIOQUIA;HZ ENERGY S.A.S. E.S.P.;OPERACI�N;HIDRAULICA;NORMAL
CLL1;CARLOS LLERAS;78;12;NO;DC;AGUA;22/11/2015;GIRARDOTA;ANTIOQUIA;HIDROELECTRICA DEL ALTO PORCE S.A.S. E.S.P.;OPERACI�N;HIDRAULICA;FILO AGUA ESPECIAL
SMI1;SAN MIGUEL;50;14;NO;DC;AGUA;23/12/2015;SAN FRANCISCO;ANTIOQUIA;ISAGEN S.A. E.S.P.;OPERACI�N;HIDRAULICA;FILO DE AGUA
SOG1;SOGAMOSO;819;14;NO;DC;AGUA;20/12/2014;GIRON;SANTANDER;ISAGEN S.A. E.S.P.;OPERACI�N;HIDRAULICA;NORMAL
NAV1;LA NAVETA;4.8;0.1529;SI;ND;AGUA;27/11/2014;APULO (R.REYES);CUNDINAMARCA;IAC ENERGY S.A.S. E.S.P.;OPERACI�N;HIDRAULICA;NORMAL
TUJ1;TUNJITA;19.7;25;SI;ND;AGUA;30/06/2016;TUNJA;BOYAC�;AES COLOMBIA & CIA. S.C.A. E.S.P.;OPERACI�N;HIDRAULICA;NORMAL
2R22;LAGUNETA;18;3;SI;ND;AGUA;17/12/2014;SAN ANTONIODE TENA;CUNDINAMARCA;ENEL COLOMBIA SA ESP;OPERACI�N;HIDRAULICA;NORMAL
2QV2;BAJO TULUA;19.9;1.65;SI;ND;AGUA;30/01/2015;TULUA;VALLE DEL CAUCA;CELSIA COLOMBIA S.A. E.S.P.;OPERACI�N;HIDRAULICA;NORMAL
2QEK;SALTO II;35;34;NO;DC;AGUA;25/06/2014;EL COLEGIO;CUNDINAMARCA;ENEL COLOMBIA SA ESP;OPERACI�N;HIDRAULICA;FILO DE AGUA
2QBW;EL POPAL;19.9;1;SI;ND;AGUA;31/03/2014;COCORNA;ANTIOQUIA;ISAGEN S.A. E.S.P.;OPERACI�N;HIDRAULICA;NORMAL
DVS1;DARIO VALENCIA SAMPER;150;81;NO;DC;AGUA;10/11/2013;LA MESA;CUNDINAMARCA;ENEL COLOMBIA SA ESP;OPERACI�N;HIDRAULICA;FILO DE AGUA
USQ1;USAQUEN;1.8;0.941;SI;ND;AGUA;15/04/2013;USAQUEN;BOGOT�. D.C.;ENEL COLOMBIA SA ESP;OPERACI�N;HIDRAULICA;NORMAL
SBA1;SUBA;2.6;0.944;SI;ND;AGUA;15/04/2013;SUBA;BOGOT�. D.C.;ENEL COLOMBIA SA ESP;OPERACI�N;HIDRAULICA;NORMAL
SFC1;SAN FRANCISCO (PUTUMAYO);0.468;0;SI;ND;AGUA;15/12/2012;SAN FRANCISCO;PUTUMAYO;GENERPUTUMAYO S.A.S. E.S.P.;OPERACI�N;HIDRAULICA;GEN. DISTRIBUIDA
BAR1;BARROSO;19.9;32;SI;ND;AGUA;30/11/2012;SALGAR;ANTIOQUIA;ISAGEN S.A. E.S.P.;OPERACI�N;HIDRAULICA;NORMAL
SOGP;SOGAMOSO_P;546;13;NO;DC;AGUA;31/12/2014;GIRON;SANTANDER;ISAGEN S.A. E.S.P.;INACTIVO;HIDRAULICA;NORMAL
QUI1;EL QUIMBO;400;11;NO;DC;AGUA;16/11/2015;GIGANTE;HUILA;ENEL COLOMBIA SA ESP;OPERACI�N;HIDRAULICA;NORMAL
PES1;ITUANGO;1200;2;NO;DC;AGUA;1/12/2022;ITUANGO;ANTIOQUIA;EMPRESAS PUBLICAS DE MEDELLIN E.S.P.;OPERACI�N;HIDRAULICA;NORMAL
CUC1;CUCUANA;56;59;NO;DC;AGUA;29/07/2015;RONCESVALLES;TOLIMA;CELSIA COLOMBIA S.A. E.S.P.;OPERACI�N;HIDRAULICA;FILO DE AGUA
HMO1;HIDROMONTA�ITAS;19.9;3.7;SI;ND;AGUA;14/06/2012;DON MATIAS;ANTIOQUIA;CELSIA COLOMBIA S.A. E.S.P.;OPERACI�N;HIDRAULICA;NORMAL
ALTG;ALTO TULUA;19.9;2.23;SI;ND;AGUA;28/05/2012;TULUA;VALLE DEL CAUCA;CELSIA COLOMBIA S.A. E.S.P.;OPERACI�N;HIDRAULICA;NORMAL
MOY1;AMOYA LA ESPERANZA;80;48;NO;DC;AGUA;24/05/2013;CHAPARRAL;TOLIMA;ISAGEN S.A. E.S.P.;OPERACI�N;HIDRAULICA;FILO DE AGUA
STG1;SANTIAGO;2.8;2.8;SI;ND;AGUA;8/01/2011;SANTO DOMINGO;ANTIOQUIA;HIDROTOLIMA S.A. E.S.P.;OPERACI�N;HIDRAULICA;NORMAL
AMA1;AMAIME;19.17;1.55;SI;ND;AGUA;6/01/2011;PALMIRA;VALLE DEL CAUCA;CELSIA COLOMBIA S.A. E.S.P.;OPERACI�N;HIDRAULICA;NORMAL
SRA1;SANTA RITA;1.3;0.675;SI;ND;AGUA;18/08/2010;ANDES;ANTIOQUIA;EMPRESA DE GENERACION Y PROMOCION DE ENERGIA DE ANTIOQUIA S.A. E.S.P.;OPERACI�N;HIDRAULICA;NORMAL
CUR1;CURRUCUCUES;1.25;0.52;SI;ND;AGUA;18/08/2010;ROVIRA;TOLIMA;ENERCO S.A. E.S.P.;OPERACI�N;HIDRAULICA;NORMAL
GQA1;GUANAQUITAS;9.5;15;SI;ND;AGUA;30/06/2010;SANTA ROSADE OSOS;ANTIOQUIA;ISAGEN S.A. E.S.P.;OPERACI�N;HIDRAULICA;NORMAL
PRC3;PORCE III;700;31;NO;DC;AGUA;9/02/2011;ANORI;ANTIOQUIA;EMPRESAS PUBLICAS DE MEDELLIN E.S.P.;OPERACI�N;HIDRAULICA;NORMAL
GCA1;CARUQUIA;9.5;1.53;SI;ND;AGUA;28/01/2010;SANTA ROSADE OSOS;ANTIOQUIA;ISAGEN S.A. E.S.P.;OPERACI�N;HIDRAULICA;NORMAL
AFR1;AGUA FRESCA;7.29;0;SI;ND;AGUA;10/04/2008;JERICO;ANTIOQUIA;ENERGIA DEL RIO PIEDRAS S.A. E.S.P;OPERACI�N;HIDRAULICA;NORMAL
INS1;INSULA;19;0.85;SI;ND;AGUA;20/07/1995;CHINCHINA;CALDAS;EMPRESAS PUBLICAS DE MEDELLIN E.S.P.;OPERACI�N;HIDRAULICA;NORMAL
PRC2;PORCE II;405;2;NO;DC;AGUA;8/04/2001;AMALFI;ANTIOQUIA;EMPRESAS PUBLICAS DE MEDELLIN E.S.P.;OPERACI�N;HIDRAULICA;NORMAL
HMLG;MIEL I;396;20;NO;DC;AGUA;1/12/2002;NORCASIA;CALDAS;ISAGEN S.A. E.S.P.;OPERACI�N;HIDRAULICA;NORMAL
URA1;URRA;338;0.4816;NO;DC;AGUA;14/02/2000;TIERRALTA;C�RDOBA;EMPRESA URRA S.A. E.S.P.;OPERACI�N;HIDRAULICA;NORMAL
SAN1;SAN ANTONIO;19.4;3.6;SI;ND;AGUA;22/08/2003;BOGOTA D.C;BOGOT�. D.C.;ENEL COLOMBIA SA ESP;INACTIVO;HIDRAULICA;NORMAL
PRD4;PRADO IV;5;0.4904;SI;ND;AGUA;1/03/1973;PRADO;TOLIMA;CELSIA COLOMBIA S.A. E.S.P.;OPERACI�N;HIDRAULICA;NORMAL
2QRL;LA REBUSCA;0.7;1.09;SI;ND;AGUA;24/07/2014;SAN ROQUE;ANTIOQUIA;HZ ENERGY S.A.S. E.S.P.;OPERACI�N;HIDRAULICA;GEN. DISTRIBUIDA
PTC1;PATICO - LA CABRERA;1.48;0;SI;ND;AGUA;1/01/1930;POPAYAN;CAUCA;CCG ENERGY S.A.S. E.S.P.;OPERACI�N;HIDRAULICA;NORMAL
CCN1;COCONUCO;4.5;0;SI;ND;AGUA;27/09/2000;POPAYAN;CAUCA;EMPRESA MUNICIPAL DE ENERGIA ELECTRICA S.A. E.S.P.;OPERACI�N;HIDRAULICA;NORMAL
CLDR;CALDERAS;19.9;13;SI;ND;AGUA;30/06/2006;SAN CARLOS;ANTIOQUIA;ISAGEN S.A. E.S.P.;OPERACI�N;HIDRAULICA;NORMAL
PLU1;URRAO;1.03;0;SI;ND;AGUA;30/07/2007;URRAO;ANTIOQUIA;DEPI ENERGY S.A.S. E.S.P.;OPERACI�N;HIDRAULICA;NORMAL
BSQ1;EL BOSQUE;2.28;0;SI;ND;AGUA;1/01/1935;ARMENIA;QUIND�O;ENERGIA RENOVABLE DE COLOMBIA S.A.S E.S.P.;OPERACI�N;HIDRAULICA;NORMAL
ABJ1;LA CASCADA ( ABEJORRAL);3;0;SI;ND;AGUA;17/09/2007;ABEJORRAL;ANTIOQUIA;EMPRESA DE GENERACION Y PROMOCION DE ENERGIA DE ANTIOQUIA S.A. E.S.P.;OPERACI�N;HIDRAULICA;NORMAL
LCS1;LA CASCADA (ANTIOQUIA);2.3;0.001;SI;ND;AGUA;17/07/2007;SAN ROQUE;ANTIOQUIA;VATIA S.A. E.S.P.;OPERACI�N;HIDRAULICA;NORMAL
SNT1;SANTA ANA;8;0;SI;ND;AGUA;9/06/2005;UBALA;CUNDINAMARCA;ENEL COLOMBIA SA ESP;OPERACI�N;HIDRAULICA;NORMAL
SJOG;SAN JOSE;0.38;0.0001;SI;ND;AGUA;16/11/2003;PENSILVANIA;CALDAS;FUENTES DE ENERGIAS RENOVABLES S.A.S. E.S.P.;OPERACI�N;HIDRAULICA;GEN. DISTRIBUIDA
LPLO;RIO PALO;1.44;0;SI;ND;AGUA;1/01/1960;CALOTO;CAUCA;VATIA S.A. E.S.P.;OPERACI�N;HIDRAULICA;NORMAL
MNC1;MUNICIPAL;1.4;0;SI;ND;AGUA;1/01/1935;MANIZALES;CALDAS;EMPRESAS PUBLICAS DE MEDELLIN E.S.P.;OPERACI�N;HIDRAULICA;NORMAL
RBB1;RIO BOBO;4;0;SI;ND;AGUA;1/01/1960;SANTA ROSA;CAUCA;CENTRALES ELECTRICAS DE NARI�O S.A. E.S.P.;OPERACI�N;HIDRAULICA;NORMAL
RNG1;RIONEGRO;10.2;0;SI;ND;AGUA;1/01/1975;PUERTO SALGAR;CUNDINAMARCA;ESPACIO PRODUCTIVO S.A.S. E.S.P.;OPERACI�N;HIDRAULICA;NORMAL
RGR1;RIO GRANDE;0.3;0;SI;ND;AGUA;1/12/2007;DON MATIAS;ANTIOQUIA;EMPRESAS PUBLICAS DE MEDELLIN E.S.P.;OPERACI�N;HIDRAULICA;GEN. DISTRIBUIDA
RMR1;RUMOR;2.5;0.34;SI;ND;AGUA;1/01/1999;TULUA;VALLE DEL CAUCA;COMPA�IA DE ELECTRICIDAD DE TULUA S.A. E.S.P.;OPERACI�N;HIDRAULICA;NORMAL
PGUG;PAGUA;600;160;NO;DC;AGUA;1/12/1986;LA MESA;CUNDINAMARCA;ENEL COLOMBIA SA ESP;OPERACI�N;HIDRAULICA;NORMAL
GTRG;GUATRON;512;89;NO;DC;AGUA;1/01/1966;GOMEZ PLATA;ANTIOQUIA;EMPRESAS PUBLICAS DE MEDELLIN E.S.P.;OPERACI�N;HIDRAULICA;NORMAL
ALBG;ALTO ANCHICAYA;427;42;NO;DC;AGUA;15/12/2000;BUENAVENTURA;VALLE DEL CAUCA;CELSIA COLOMBIA S.A. E.S.P.;OPERACI�N;HIDRAULICA;NORMAL
RFR1;RIO FRIO I;1.67;0;SI;ND;AGUA;1/01/1954;RIOFRIO;VALLE DEL CAUCA;COMPA�IA DE ELECTRICIDAD DE TULUA S.A. E.S.P.;OPERACI�N;HIDRAULICA;NORMAL
RCL1;RIO CALI;1.8;0;SI;ND;AGUA;1/01/1925;CALI;VALLE DEL CAUCA;CELSIA COLOMBIA S.A. E.S.P.;OPERACI�N;HIDRAULICA;NORMAL
VNTB;VENTANA B;2.5;0;SI;ND;AGUA;1/11/1957;CHICORAL;TOLIMA;HIDROTOLIMA S.A. E.S.P.;OPERACI�N;HIDRAULICA;NORMAL
VNTA;VENTANA A;2.5;0;SI;ND;AGUA;1/11/1957;CHICORAL;TOLIMA;HIDROTOLIMA S.A. E.S.P.;OPERACI�N;HIDRAULICA;NORMAL
RPD1;RIO PIEDRAS;20;5.88;NO;DC;AGUA;31/03/2000;JERICO;ANTIOQUIA;CELSIA COLOMBIA S.A. E.S.P.;OPERACI�N;HIDRAULICA;FILO DE AGUA
PLM1;PALMAS SAN GIL;15;0;SI;ND;AGUA;1/01/1954;SAN GIL;SANTANDER;EMPRESAS PUBLICAS DE MEDELLIN E.S.P.;OPERACI�N;HIDRAULICA;NORMAL
ZRG1;ZARAGOZA;1.3;0;SI;ND;AGUA;1/01/1932;BUCARAMANGA;SANTANDER;ELECTRIFICADORA DE SANTANDER S.A. E.S.P.;INACTIVO;HIDRAULICA;NORMAL
PJR1;PAJARITO;13.2;19;SI;ND;AGUA;25/11/1999;YARUMAL;ANTIOQUIA;EMPRESAS PUBLICAS DE MEDELLIN E.S.P.;OPERACI�N;HIDRAULICA;NORMAL
CSC1;CASCADA;3;0;SI;ND;AGUA;1/01/1954;BUCARAMANGA;SANTANDER;EMPRESAS PUBLICAS DE MEDELLIN E.S.P.;OPERACI�N;HIDRAULICA;NORMAL
RCIO;RIO RECIO;0.984;0;SI;ND;AGUA;1/11/1958;LERIDA;TOLIMA;HIDROTOLIMA S.A. E.S.P.;OPERACI�N;HIDRAULICA;GEN. DISTRIBUIDA
RFR2;RIO FRIO II;10;0;SI;ND;AGUA;1/01/1996;RIOFRIO;VALLE DEL CAUCA;COMPA�IA DE ELECTRICIDAD DE TULUA S.A. E.S.P.;OPERACI�N;HIDRAULICA;NORMAL
RBJ1;RIO ABAJO;0.9;0;SI;ND;AGUA;1/01/1947;SAN VICENTE;ANTIOQUIA;EMPRESAS PUBLICAS DE MEDELLIN E.S.P.;INACTIVO;HIDRAULICA;NORMAL
JBV1;JULIO BRAVO;1.5;0;SI;ND;AGUA;1/01/1942;PASTO;NARI�O;CENTRALES ELECTRICAS DE NARI�O S.A. E.S.P.;INACTIVO;HIDRAULICA;NORMAL
PTA1;LA PITA;1.42;0;SI;ND;AGUA;1/01/1965;GARZON;HUILA;ELECTRIFICADORA DEL HUILA S.A. E.S.P.;OPERACI�N;HIDRAULICA;NORMAL
IQU2;IQUIRA II;1.38;0;SI;ND;AGUA;1/01/1965;IQUIRA;HUILA;ELECTRIFICADORA DEL HUILA S.A. E.S.P.;OPERACI�N;HIDRAULICA;NORMAL
IQU1;IQUIRA I;4.32;0;SI;ND;AGUA;1/01/1955;IQUIRA;HUILA;ELECTRIFICADORA DEL HUILA S.A. E.S.P.;OPERACI�N;HIDRAULICA;NORMAL
SLV1;SILVIA;0.38;0;SI;ND;AGUA;1/01/1994;SILVIA;CAUCA;VATIA S.A. E.S.P.;OPERACI�N;HIDRAULICA;GEN. DISTRIBUIDA
SJN1;SAJANDI;3.2;0;SI;ND;AGUA;1/01/1995;PATIA (EL BORDO);CAUCA;VATIA S.A. E.S.P.;OPERACI�N;HIDRAULICA;NORMAL
RIN1;RIO INGENIO;0.18;0;SI;ND;AGUA;1/01/1958;SANDONA;NARI�O;CENTRALES ELECTRICAS DE NARI�O S.A. E.S.P.;INACTIVO;HIDRAULICA;NORMAL
NTB1;NUTIBARA;0.75;1;SI;ND;AGUA;1/01/1997;MEDELL�N;ANTIOQUIA;EMPRESAS PUBLICAS DE MEDELLIN E.S.P.;OPERACI�N;HIDRAULICA;GEN. DISTRIBUIDA
MIR1;MIROLINDO;3.75;0;SI;ND;AGUA;3/11/2004;IBAGUE;TOLIMA;HIDROTOLIMA S.A. E.S.P.;OPERACI�N;HIDRAULICA;NORMAL
INZ1;INZA;0.75;0;SI;ND;AGUA;5/02/2009;INZA;CAUCA;VATIA S.A. E.S.P.;OPERACI�N;HIDRAULICA;GEN. DISTRIBUIDA
ASN1;ASNAZU;0.45;0;SI;ND;AGUA;1/01/1934;SUAREZ;CAUCA;VATIA S.A. E.S.P.;OPERACI�N;HIDRAULICA;GEN. DISTRIBUIDA
UNN1;UNION;0.7;0.001;SI;ND;AGUA;1/01/1935;CALARCA;QUIND�O;EMPRESAS PUBLICAS DE CALARCA ESP;OPERACI�N;HIDRAULICA;GEN. DISTRIBUIDA
CPT1;CAMPESTRE (CALARCA);0.7;0.001;SI;ND;AGUA;1/01/1956;CALARCA;QUIND�O;EMPRESAS PUBLICAS DE CALARCA ESP;OPERACI�N;HIDRAULICA;GEN. DISTRIBUIDA
BYN1;BAYONA;0.6;0.001;SI;ND;AGUA;1/01/1943;CALARCA;QUIND�O;EMPRESAS PUBLICAS DE CALARCA ESP;OPERACI�N;HIDRAULICA;GEN. DISTRIBUIDA
NQU1;NIQUIA;19;3;SI;ND;AGUA;28/06/1993;BELLO;ANTIOQUIA;EMPRESAS PUBLICAS DE MEDELLIN E.S.P.;OPERACI�N;HIDRAULICA;NORMAL
BLM1;BELMONTE;3.4;0;SI;ND;AGUA;1/01/1939;PEREIRA;RISARALDA;EMPRESA DE ENERGIA DE PEREIRA S.A. E.S.P.;OPERACI�N;HIDRAULICA;NORMAL
SNC1;SAN CANCIO;2;0;SI;ND;AGUA;1/01/1929;MANIZALES;CALDAS;EMPRESAS PUBLICAS DE MEDELLIN E.S.P.;OPERACI�N;HIDRAULICA;NORMAL
MND1;MONDOMO;0.75;0;SI;ND;AGUA;1/01/1958;SANTANDER DE QUILICHAO;CAUCA;VATIA S.A. E.S.P.;OPERACI�N;HIDRAULICA;GEN. DISTRIBUIDA
INT1;INTERMEDIA;0.96;0;SI;ND;AGUA;1/01/1974;MANIZALES;CALDAS;EMPRESAS PUBLICAS DE MEDELLIN E.S.P.;OPERACI�N;HIDRAULICA;GEN. DISTRIBUIDA
GCC1;GUACAICA;0.86;0;SI;ND;AGUA;1/01/1992;NEIRA;CALDAS;EMPRESAS PUBLICAS DE MEDELLIN E.S.P.;OPERACI�N;HIDRAULICA;GEN. DISTRIBUIDA
TQD1;TEQUENDAMA;19.4;0;SI;ND;AGUA;10/04/2004;SAN ANTONIODE TENA;CUNDINAMARCA;ENEL COLOMBIA SA ESP;INACTIVO;HIDRAULICA;NORMAL
JNC1;LA JUNCA;19.4;0;SI;ND;AGUA;1/01/2005;LA MESA;CUNDINAMARCA;ENEL COLOMBIA SA ESP;INACTIVO;HIDRAULICA;NORMAL
TIN1;LA TINTA;19.4;0;SI;ND;AGUA;6/12/2003;LA MESA;CUNDINAMARCA;ENEL COLOMBIA SA ESP;INACTIVO;HIDRAULICA;NORMAL
LMR1;EL LIMONAR;18;0;SI;ND;AGUA;6/12/2003;SAN ANTONIODE TENA;CUNDINAMARCA;ENEL COLOMBIA SA ESP;OPERACI�N;HIDRAULICA;NORMAL
CQT1;CHARQUITO;19.4;11;SI;ND;AGUA;22/08/2003;SOACHA;CUNDINAMARCA;ENEL COLOMBIA SA ESP;OPERACI�N;HIDRAULICA;NORMAL
SUV1;SUEVA 2;6;0;SI;ND;AGUA;24/05/2002;JUNIN;CUNDINAMARCA;CEMEX ENERGY S.A.S E.S.P.;OPERACI�N;HIDRAULICA;NORMAL
TMS1;RIOFRIO (TAMESIS);1;0;SI;ND;AGUA;1/01/1951;TAMESIS;ANTIOQUIA;EMPRESAS PUBLICAS DE MEDELLIN E.S.P.;OPERACI�N;HIDRAULICA;GEN. DISTRIBUIDA
PTG1;PUENTE GUILLERMO;4.2;0;SI;ND;AGUA;1/09/2001;PUENTE NACIONAL;SANTANDER;ENERCO S.A. E.S.P.;OPERACI�N;HIDRAULICA;NORMAL
AMF1;AMALFI;0.81;0;SI;ND;AGUA;5/08/2007;AMALFI;ANTIOQUIA;HZ ENERGY S.A.S. E.S.P.;OPERACI�N;HIDRAULICA;GEN. DISTRIBUIDA
SJM1;SAN JOSE DE LA MONTA�A;0.4;0;SI;ND;AGUA;30/07/2007;S. JOSELA MONTA;ANTIOQUIA;EMPRESA DE GENERACION Y PROMOCION DE ENERGIA DE ANTIOQUIA S.A. E.S.P.;OPERACI�N;HIDRAULICA;GEN. DISTRIBUIDA
SNFR;SAN FRANCISCO;135;16;NO;DC;AGUA;1/01/1969;CHINCHINA;CALDAS;EMPRESAS PUBLICAS DE MEDELLIN E.S.P.;OPERACI�N;HIDRAULICA;FILO DE AGUA
SNCR;SAN CARLOS;1240;54;NO;DC;AGUA;20/01/1984;SAN CARLOS;ANTIOQUIA;ISAGEN S.A. E.S.P.;OPERACI�N;HIDRAULICA;NORMAL
SLVJ;SALVAJINA;315;0.8647;NO;DC;AGUA;20/07/1995;SUAREZ;CAUCA;CELSIA COLOMBIA S.A. E.S.P.;OPERACI�N;HIDRAULICA;NORMAL
PBL1;PIEDRAS BLANCAS;5;0;SI;ND;AGUA;1/01/1900;MEDELL�N;ANTIOQUIA;EMPRESAS PUBLICAS DE MEDELLIN E.S.P.;INACTIVO;HIDRAULICA;NORMAL
SNS1;SONSON;18.5;0;SI;ND;AGUA;1/06/2002;SONSON;ANTIOQUIA;EMPRESAS PUBLICAS DE MEDELLIN E.S.P.;OPERACI�N;HIDRAULICA;NORMAL
RGRN;RIOGRANDE I;19;29;SI;ND;AGUA;1/01/1956;DON MATIAS;ANTIOQUIA;EMPRESAS PUBLICAS DE MEDELLIN E.S.P.;OPERACI�N;HIDRAULICA;NORMAL
RMYO;RIO MAYO;19.8;1.7;SI;ND;AGUA;20/07/1995;SAN PABLO;NARI�O;CENTRALES ELECTRICAS DE NARI�O S.A. E.S.P.;OPERACI�N;HIDRAULICA;NORMAL
PRDO;PRADO;51;0.4906;NO;DC;AGUA;1/03/1973;PRADO;TOLIMA;CELSIA COLOMBIA S.A. E.S.P.;OPERACI�N;HIDRAULICA;NORMAL
PLYS;PLAYAS;207;17;NO;DC;AGUA;1/08/1988;SAN CARLOS;ANTIOQUIA;EMPRESAS PUBLICAS DE MEDELLIN E.S.P.;OPERACI�N;HIDRAULICA;NORMAL
SPY1;RIO SAPUYES;1.65;0;SI;ND;AGUA;1/01/1954;TUQUERRES;NARI�O;CENTRALES ELECTRICAS DE NARI�O S.A. E.S.P.;OPERACI�N;HIDRAULICA;NORMAL
PMR1;REMEDIOS;0.75;0;SI;ND;AGUA;19/09/2007;REMEDIOS;ANTIOQUIA;COMPA��A INTEGRAL ENERGETICA S.A.S E.S.P;OPERACI�N;HIDRAULICA;GEN. DISTRIBUIDA
CRC1;CARACOLI;3.75;0.8011;SI;ND;AGUA;1/01/1935;CARACOLI;ANTIOQUIA;EMPRESAS PUBLICAS DE MEDELLIN E.S.P.;OPERACI�N;HIDRAULICA;NORMAL
VLT1;LA VUELTA;11.6;0;SI;ND;AGUA;22/11/2004;CANASGORDAS;ANTIOQUIA;EMPRESAS PUBLICAS DE MEDELLIN E.S.P.;OPERACI�N;HIDRAULICA;NORMAL
LTSJ;LA TASAJERA;306;78;NO;DC;AGUA;20/05/1994;GIRARDOTA;ANTIOQUIA;EMPRESAS PUBLICAS DE MEDELLIN E.S.P.;OPERACI�N;HIDRAULICA;NORMAL
JAGS;JAGUAS;170;24;NO;DC;AGUA;1/07/1988;SAN RAFAEL;ANTIOQUIA;ISAGEN S.A. E.S.P.;OPERACI�N;HIDRAULICA;NORMAL
HRD1;LA HERRADURA;19.8;0.0001;SI;ND;AGUA;3/09/2004;CANASGORDAS;ANTIOQUIA;EMPRESAS PUBLICAS DE MEDELLIN E.S.P.;OPERACI�N;HIDRAULICA;NORMAL
GVIO;GUAVIO;1250;98;NO;DC;AGUA;19/03/1993;UBALA;CUNDINAMARCA;ENEL COLOMBIA SA ESP;OPERACI�N;HIDRAULICA;NORMAL
GTPE;GUATAPE;560;71;NO;DC;AGUA;1/01/1972;GUATAP�;ANTIOQUIA;EMPRESAS PUBLICAS DE MEDELLIN E.S.P.;OPERACI�N;HIDRAULICA;NORMAL
CMN1;AUTOG CEMENTOS DEL NARE;9;0;NO;ND;AGUA;1/09/2004;PTO NARE;ANTIOQUIA;EMPRESAS PUBLICAS DE MEDELLIN E.S.P.;OPERACI�N;HIDRAULICA;AUTOGENERADOR
PST1;PASTALES;0.7;0;SI;ND;AGUA;18/02/2004;PASTALES;TOLIMA;HIDROTOLIMA S.A. E.S.P.;OPERACI�N;HIDRAULICA;GEN. DISTRIBUIDA
FLRD;FLORIDA;19.9;0.8333;SI;ND;AGUA;1/01/1975;POPAYAN;CAUCA;VATIA S.A. E.S.P.;OPERACI�N;HIDRAULICA;NORMAL
OVJ1;OVEJAS;0.82;0;SI;ND;AGUA;1/01/1939;BUENOS AIRES;CAUCA;VATIA S.A. E.S.P.;OPERACI�N;HIDRAULICA;GEN. DISTRIBUIDA
ESMR;ESMERALDA;30;13;NO;DC;AGUA;1/01/1963;CHINCHINA;CALDAS;EMPRESAS PUBLICAS DE MEDELLIN E.S.P.;OPERACI�N;HIDRAULICA;FILO DE AGUA
LBR1;NUEVO LIBARE;5.1;0;SI;ND;AGUA;1/01/1994;DOS QUEBRADAS;RISARALDA;EMPRESA DE ENERGIA DE PEREIRA S.A. E.S.P.;OPERACI�N;HIDRAULICA;NORMAL
NIM1;NIMA;6.7;0;SI;ND;AGUA;1/01/1942;CALI;VALLE DEL CAUCA;CELSIA COLOMBIA S.A. E.S.P.;OPERACI�N;HIDRAULICA;NORMAL
MNT1;MANANTIALES;3.15;0.633;SI;ND;AGUA;1/01/1992;MEDELL�N;ANTIOQUIA;EMPRESAS PUBLICAS DE MEDELLIN E.S.P.;OPERACI�N;HIDRAULICA;NORMAL
CMP2;CAMPESTRE (EPM);0.87;0.875;SI;ND;AGUA;1/01/1997;MEDELL�N;ANTIOQUIA;EMPRESAS PUBLICAS DE MEDELLIN E.S.P.;OPERACI�N;HIDRAULICA;GEN. DISTRIBUIDA
CHVR;CHIVOR;1000;7;NO;DC;AGUA;23/05/1977;SANTA MARIA;BOYAC�;AES COLOMBIA & CIA. S.C.A. E.S.P.;OPERACI�N;HIDRAULICA;NORMAL
BLL3;BELLO;0.35;1;SI;ND;AGUA;1/01/1997;BELLO;ANTIOQUIA;EMPRESAS PUBLICAS DE MEDELLIN E.S.P.;OPERACI�N;HIDRAULICA;GEN. DISTRIBUIDA
AYR1;AUTOG AYURA;16.7;2;SI;ND;AGUA;26/10/1983;ENVIGADO;ANTIOQUIA;EMPRESAS PUBLICAS DE MEDELLIN E.S.P.;OPERACI�N;HIDRAULICA;AUTOGENERADOR
CLMG;CALIMA;132;19;NO;DC;AGUA;1/01/1967;CALIMA (DARIEN);VALLE DEL CAUCA;CELSIA COLOMBIA S.A. E.S.P.;OPERACI�N;HIDRAULICA;NORMAL
AMR1;AMERICA;0.41;0;SI;ND;AGUA;1/01/1997;MEDELL�N;ANTIOQUIA;EMPRESAS PUBLICAS DE MEDELLIN E.S.P.;OPERACI�N;HIDRAULICA;GEN. DISTRIBUIDA
CHBG;BETANIA;540;0.5897;NO;DC;AGUA;1/11/1987;YAGUARA;HUILA;ENEL COLOMBIA SA ESP;OPERACI�N;HIDRAULICA;NORMAL
JPR1;JEPIRACHI 1 - 15;18.42;0;SI;ND;VIENTO;27/04/2004;URIBIA;LA GUAJIRA;EMPRESAS PUBLICAS DE MEDELLIN E.S.P.;INACTIVO;EOLICA;NORMAL
3AL8;INGENIO MARIA LUISA;1.8;0;NO;ND;BAGAZO;31/01/2021;FLORIDA;VALLE DEL CAUCA;DEPI ENERGY S.A.S. E.S.P.;INACTIVO;COGENERADOR;COGENERADOR
2UP2;COGENERADOR MANUELITA 2;12;0.00001;NO;ND;BAGAZO;22/06/2018;PALMIRA;VALLE DEL CAUCA;CELSIA COLOMBIA S.A. E.S.P.;OPERACI�N;COGENERADOR;COGENERADOR
2SXQ;BIOENERGY;19.9;0;NO;ND;BAGAZO;22/04/2017;PUERTO LOPEZ;META;AES COLOMBIA & CIA. S.C.A. E.S.P.;OPERACI�N;COGENERADOR;COGENERADOR
2SXS;COGENERADOR PROENCA II;17;0.1;NO;ND;CARBON;25/03/2017;CALOTO;CAUCA;PROYECTOS ENERGETICOS DEL CAUCA S.A. E.S.P.;INACTIVO;COGENERADOR;COGENERADOR
MAN1;INGENIO MANUELITA;3.5;0;NO;ND;BAGAZO;17/03/2016;CALI;VALLE DEL CAUCA;CELSIA COLOMBIA S.A. E.S.P.;INACTIVO;COGENERADOR;COGENERADOR
PNC1;COGENERADOR PROENCA;19.9;0;NO;ND;CARBON;29/04/2014;CALOTO;CAUCA;PROYECTOS ENERGETICOS DEL CAUCA S.A. E.S.P.;OPERACI�N;COGENERADOR;COGENERADOR
CIS1;INGENIO SAN CARLOS 1;2;29.26;NO;ND;BAGAZO;23/07/2011;TULUA;VALLE DEL CAUCA;CELSIA COLOMBIA S.A. E.S.P.;OPERACI�N;COGENERADOR;COGENERADOR
PIC1;INGENIO PICHICHI 1;0;0;NO;ND;BAGAZO;26/01/2010;GUACARI;VALLE DEL CAUCA;EMPRESA MUNICIPAL DE ENERGIA ELECTRICA S.A. E.S.P.;OPERACI�N;COGENERADOR;COGENERADOR
CGM1;MAYAGUEZ 1;19.9;0;NO;ND;CARBON;17/08/2010;CANDELARIA;VALLE DEL CAUCA;CELSIA COLOMBIA S.A. E.S.P.;OPERACI�N;COGENERADOR;COGENERADOR
ILC1;INGENIO LA CARMELITA;0;0;NO;ND;BAGAZO;11/11/2009;TULUA;VALLE DEL CAUCA;DEPI ENERGY S.A.S. E.S.P.;INACTIVO;COGENERADOR;COGENERADOR
CIP1;INGENIO PROVIDENCIA 2;19.9;0;NO;ND;CARBON;18/05/2009;EL CERRITO;VALLE DEL CAUCA;NITRO ENERGY COLOMBIA S.A.S. E.S.P.;OPERACI�N;COGENERADOR;COGENERADOR
PPN1;PAPELES NACIONALES;0;0;NO;ND;GAS;5/02/2009;PEREIRA;RISARALDA;ENERCO S.A. E.S.P.;OPERACI�N;COGENERADOR;COGENERADOR
CLTJ;COGENERADOR COLTEJER 1;9.4;0;NO;ND;CARBON;19/12/2013;ITAGUI;ANTIOQUIA;EMPRESAS PUBLICAS DE MEDELLIN E.S.P.;INACTIVO;COGENERADOR;COGENERADOR
CTMO;CENTRAL TUMACO 1;0;0;NO;ND;BAGAZO;25/03/2007;CALIMA (DARIEN);VALLE DEL CAUCA;CELSIA COLOMBIA S.A. E.S.P.;INACTIVO;COGENERADOR;COGENERADOR
RPL1;INGENIO RIOPAILA 1;16;0;NO;ND;BAGAZO;21/05/2018;ZARZAL;VALLE DEL CAUCA;RIOPAILA ENERG�A S.A.S. E.S.P.;OPERACI�N;COGENERADOR;COGENERADOR
CAS1;CENTRAL CASTILLA 1;3;0;NO;ND;BAGAZO;15/08/2004;PRADERA;VALLE DEL CAUCA;RIOPAILA ENERG�A S.A.S. E.S.P.;OPERACI�N;COGENERADOR;COGENERADOR
IRG1;INGENIO RISARALDA 1;19.9;0;NO;ND;BAGAZO;15/08/2003;BALBOA;RISARALDA;EMPRESA DE ENERGIA DE PEREIRA S.A. E.S.P.;OPERACI�N;COGENERADOR;COGENERADOR
PNC1;COGENERADOR PROENCA 1;4;0;NO;ND;CARBON;1/01/1999;CALOTO;CAUCA;PROYECTOS ENERGETICOS DEL CAUCA S.A. E.S.P.;INACTIVO;COGENERADOR;COGENERADOR
INC1;INCAUCA 1;60;0;NO;ND;BAGAZO;21/10/1998;MIRANDA;CAUCA;NITRO ENERGY COLOMBIA S.A.S. E.S.P.;OPERACI�N;COGENERADOR;COGENERADOR
BIOE;COGENERADOR BIOAISE 1;1;0;NO;ND;GAS;1/08/1998;CARTAGENA;BOL�VAR;BIOAISE S.A.;INACTIVO;COGENERADOR;COGENERADOR
